"toc: ""displays""","toc: ""displays"""
"toc: ""tour""","toc: ""tour"""
"toc: ""scheduling""","toc: ""scheduling"""
"toc: ""layouts""","toc: ""layouts"""
"toc: ""media""","toc: ""media"""
"toc: ""widgets""","toc: ""widgets"""
"toc: ""users""","toc: ""users"""
"PRODUCTNAME","PRODUCTNAME"
"excerpt:","excerpt:"
"keywords:","keywords:"
"persona:","persona:"
"alias:","alias:"
"{tip}","{tip}"
"{/tip}","{/tip}"
"{feat}","{feat}"
"{/feat}","{/feat}"
"{version}","{version}"
"{/version}","{/version}"
"{white}","{white}"
"{/white}","{/white}"
"{nonwhite}","{nonwhite}"
"{/nonwhite}","{/nonwhite}"
"{video}","{video}"
"{/video}","{/video}"
"{noncloud}","{noncloud}"
"{/noncloud}","{/noncloud}"
"{cloud}","{cloud}"
"{/cloud}","{/cloud}"
